name	acronym	build	chromosome	start	end	start_sequence	end_sequence
T Cell Receptor Alpha	TRA	GRCh38	chr14	21170441	22134544	CCTACCCCACACACTTATCACCCAGCAGGGAACCCTCAGGTTGGGCCCACAGCCCCCATT	CCCTGGAAACCATTATTTTATTCTCTGCTTCTATGAATTTGACTATTTTAGATACCTCAAATAAGTGTAATCATGCATTATTTG
T Cell Receptor Beta	TRB	GRCh38	chr7	142618685	143154828	CCTACCCCACACACTTATCACCCAGCAGGGAACCCTCAGGTTGGGCCCACAGCCCCCATT	CCCTGGAAACCATTATTTTATTCTCTGCTTCTATGAATTTGACTATTTTAGATACCTCAAATAAGTGTAATCATGCATTATTTG
T Cell Receptor Delta	TRD	GRCh38	chr14	21639787	22022554	CACTTGTATAGAGCTGCACAATTGTGGAGGAGGCTGGCTGTCCTTGAGTGCAACGGTCCA	AGAGAAGTGTGTAATAGTAAGCATCTAAACCTGGCATTATAAAAGAAACAAAAAGTAAAAAGATGGTGTTTCGAAAACCAAGTTACTA
T Cell Receptor Gamma	TRG	GRCh38	chr7	38198169	38354230	AGTTTTAATCCTAACTATACACTATCTTGAAATATCTCTTAGATGGATCCATGTAGGCCC	TAGGGCCCACTGCATGCCTTCCTCTCTGAGGCCTTGGAAGGAAAGGGACCAGATGAAGAGGA
Immunoglobulin H	IGH	GRCh38	chr14	105094527	106881340	GGGAGAGGCAGGAGGTGCTCAGGGCAGGAGTGTCTGGAGTGAGGAGGGAGAGGCAGGAGG	GTGGGTCACCATGGCTTTGGAGTAAAAATAGTATTGAAAAATTGAAAAGTAGGCATATTAAAACTTGCAACACT
Immunoglobulin K	IGK	GRCh38	chr2	88553277	89056377	AGTAGAGTTGTTGGAAGTAGCCAGGCACATACTGTTCCTGTATTTGTTTTTTGTTTGTTT	TAACAACCCCACAATACCACCCTTTACCCGAAAATCTTTCTTCAGTTTAATATCTTCTACA
Immunoglobulin L	IGL	GRCh38	chr22	21691830	22609891	TCAGGTCTGCACCGTTGCAGATGTCACATCTGCGGACACTTGTCTGGTGGCCTCGGGTGT	ATGATCCCATGAGTGGAAGGAAAATACTTAAGGCCAAGAAAAGAACCACCCAAAGACATTTG
Glycophorin	GYP	GRCh38	chr4	143785677	144147913	TTTTTTTTTTTAATGTTATTATTATTATACTTTAAGTTTTAGGGTACATGTGCACAACGT	ACATAAACTTAAGGTAAAGGGGTAGAAAGAGACATTCAACGCAAATGCAACCAGAAGCAAGCAGGAGTAGCTTTTCT
Glycophorin	GYP+flank	GRCh38	chr4	143285677	144647914	TGATGCTCTTGCAAAAGCTAAATCTCCCTGCTTTTTGCACCTCCAACCTGCAAGAAAAATTTCATTCCTACCTCAATGTTCTACCAATCAGATCAAGTTACATTTGTCTCTAACTTAATT	CAAGGAATCATTGCTGGCTCACATCATTAACAATCACTGCACGTGAAATAAACAATCAGGTGTCTTTGCTCCCCCTCCCTTTCCCCATTTTAGGTTTAATTAAGAATTCCTCTGTTA
HLA	HLA	GRCh38	chr6	28510020	33480577	TCTGGCCTGGGAGTCACAGCTAGGCTTTAGCACTCTGCTAGGAAACATAAACAACTTCAT	CTTAGCCGGGTGTGGTGGCTCACACCTGTAATCCCAGCACTTTGGGAGGCCAAGGAGGGTGGATCACCTGAGGTCAGGAGTTTGAGACCAGCCTGGCC
IL27	IL27	GRCh38	chr16	27888679	29888679	ACCATCTCAGCTCACTGCAACCTCCATCTCCCAGGTTCAAGCAATTCTCCTGCGTCAGCC	GTCTCCTCTCCCTGCAGCTGGTAGCCCGAATCACAGTGAAAGGTGGCAGTGCCCCCAGGGTGCAGGTCCGTCACACTCACG
T Cell Receptor Alpha	TRA	GRCh37	14	21638600	22602509	CCTACCCCACACACTTATCACCCAGCAGGGAACCCTCAGGTTGGGCCCACAGCCCCCATT	CCCTGGAAACCATTATTTTATTCTCTGCTTCTATGAATTTGACTATTTTAGATACCTCAAATAAGTGTAATCATGCATTATTTG
T Cell Receptor Delta	TRD	GRCh37	14	22108014	22490794	CACTTGTATAGAGCTGCACAATTGTGGAGGAGGCTGGCTGTCCTTGAGTGCAACGGTCCA	AGAGAAGTGTGTAATAGTAAGCATCTAAACCTGGCATTATAAAAGAAACAAAAAGTAAAAAGATGGTGTTTCGAAAACCAAGTTACTA
T Cell Receptor Beta	TRB	GRCh37	7	142326199	142851921	AATTCCACATTCTTGTATAATCAGAGTATCTACAGCGCTCCTAGAGTAACCCAAACCTTA	ATGGATTTCTAGGCCAGTACAGTTTAGCTATCAAGAACACAGAAACATTTAATAACCATTATTTCAAAATATGTGTCACATCTTGAAAGACATCACCATAACCC
T Cell Receptor Gamma	TRG	GRCh37	7	38237770	38393831	AGTTTTAATCCTAACTATACACTATCTTGAAATATCTCTTAGATGGATCCATGTAGGCCC	TAGGGCCCACTGCATGCCTTCCTCTCTGAGGCCTTGGAAGGAAAGGGACCAGATGAAGAGGA
Immunoglobulin H	IGH	GRCh37	14	105560864	107289530	GGGAGAGGCAGGAGGTGCTCAGGGCAGGAGTGTCTGGAGTGAGGAGGGAGAGGCAGGAGG	GTGGGTCACCATGGCTTTGGAGTAAAAATAGTATTGAAAAATTGAAAAGTAGGCATATTAAAACTTGCAACACT
Immunoglobulin K	IGK	GRCh37	2	88852795	89355873	AGTAGAGTTGTTGGAAGTAGCCAGGCACATACTGTTCCTGTATTTGTTTTTTGTTTGTTT	TAACAACCCCACAATACCACCCTTTACCCGAAAATCTTTCTTCAGTTTAATATCTTCTACA
Immunoglobulin L	IGL	GRCh37	22	22046119	22952361	TCAGGTCTGCACCGTTGCAGATGTCACATCTGCGGACACTTGTCTGGTGGCCTCGGGTGT	ATGATCCCATGAGTGGAAGGAAAATACTTAAGGCCAAGAAAAGAACCACCCAAAGACATTTG
Glycophorin	GYP	GRCh37	4	144706830	145069066	TTTTTTTTTTTAATGTTATTATTATTATACTTTAAGTTTTAGGGTACATGTGCACAACGT	ACATAAACTTAAGGTAAAGGGGTAGAAAGAGACATTCAACGCAAATGCAACCAGAAGCAAGCAGGAGTAGCTTTTCT
Glycophorin	GYP+flank	GRCh37	4	144206830	145569066	TGATGCTCTTGCAAAAGCTAAATCTCCCTGCTTTTTGCACCTCCAACCTGCAAGAAAAATTTCATTCCTACCTCAATGTTCTACCAATCAGATCAAGTTACATTTGTCTCTAACTTAATT	CAAGGAATCATTGCTGGCTCACATCATTAACAATCACTGCACGTGAAATAAACAATCAGGTGTCTTTGCTCCCCCTCCCTTTCCCCATTTTAGGTTTAATTAAGAATTCCTCTGTTA
HLA	HLA	GRCh37	6	28477797	33448354	TCTGGCCTGGGAGTCACAGCTAGGCTTTAGCACTCTGCTAGGAAACATAAACAACTTCAT	CTTAGCCGGGTGTGGTGGCTCACACCTGTAATCCCAGCACTTTGGGAGGCCAAGGAGGGTGGATCACCTGAGGTCAGGAGTTTGAGACCAGCCTGGCC
IL27	IL27	GRCh37	16	27900000	29900000	ACCATCTCAGCTCACTGCAACCTCCATCTCCCAGGTTCAAGCAATTCTCCTGCGTCAGCC	GTCTCCTCTCCCTGCAGCTGGTAGCCCGAATCACAGTGAAAGGTGGCAGTGCCCCCAGGGTGCAGGTCCGTCACACTCACG
KIR	KIR	GRCh38	chr19	53687308	55866807	GACCAGCCTGACCAACATGGTGAAACCCTGTCTCTACTAAAAATACAAAAAATTAGCCAGCTATGGTGGCGCACGCCTGTATTCCCATCTGCTGGGGAAGTTGAGGGAGGAGAATCACTTGAACGGACAGATGGAGGTTGCAGTGAGCCAAGATCACGCCACCACACTCCAGCCTGGGCG	TTCAAGGCTTCTTCCATGTTCTTTGAGGAGATATTACTTGAGCAGAGACCTGAATGATAAAGATGCATCTAACCACAGGCCAGAAAAAGAGCATTCCACTTGGCGGGCACACATGCAAAATAGCCCAAGTTGAGTAAAGGAGCCACTAGACACGAGTTTGGGGAGGATCAAACATGAATA
KIR	KIR	GRCh37	19	54190562	56378173	GACCAGCCTGACCAACATGGTGAAACCCTGTCTCTACTAAAAATACAAAAAATTAGCCAGCTATGGTGGCGCACGCCTGTATTCCCATCTGCTGGGGAAGTTGAGGGAGGAGAATCACTTGAACGGACAGATGGAGGTTGCAGTGAGCCAAGATCACGCCACCACACTCCAGCCTGGGCG	TTCAAGGCTTCTTCCATGTTCTTTGAGGAGATATTACTTGAGCAGAGACCTGAATGATAAAGATGCATCTAACCACAGGCCAGAAAAAGAGCATTCCACTTGGCGGGCACACATGCAAAATAGCCCAAGTTGAGTAAAGGAGCCACTAGACACGAGTTTGGGGAGGATCAAACATGAATA
CFH	CFH	GRCh37	1	195750000	197625000	GGAATATTGCTCACATCTGTTTTTACTTAACATTAGGATTCTGAAATCTAATCATATTTTTGTATGTTGCTTTAAGTCATAACTTTTTACTACTGTCTAATATTCCAGAGGATACATTTG	TCTCGATCTCCTGACCTCGTGATCCGCCCGCCTCGGCCTCCCAAAGTGCTGGGATTACAGGTGTGAGCCACCGCGCCCGGCCCATTAACTCTTAAAAGATAAGTGTTCTACCAGTAACAAT
CFH	CFH	GRCh38	chr1	195780870	197655870	GGAATATTGCTCACATCTGTTTTTACTTAACATTAGGATTCTGAAATCTAATCATATTTTTGTATGTTGCTTTAAGTCATAACTTTTTACTACTGTCTAATATTCCAGAGGATACATTTG	TCTCGATCTCCTGACCTCGTGATCCGCCCGCCTCGGCCTCCCAAAGTGCTGGGATTACAGGTGTGAGCCACCGCGCCCGGCCCATTAACTCTTAAAAGATAAGTGTTCTACCAGTAACAAT
ACTR1A	ACTR1A	GRCh37	10	103466516	105034855	ATAGAGTCATAGAAACAACCTGAGAAGGAACAAGACACTGACAGAGAATAGAAGTGTTGGGAACAAATGTCTCCCAAACTGTTTAAATAAATCATGGAATATCCGTAGAACAGAATAATA	ACTAAAACCTCCACCTCCCGAGTTCAAGCAATTCTCCTGCCTCAGCCTCCTGAGGAGCTGGGATTACAGGCCCGTGCCACCACACCCGGCTCATTTTTATATTTTTAATAGAGACAGGGT
ACTR1A	ACTR1A	GRCh38	chr10	101706759	103275098	ATAGAGTCATAGAAACAACCTGAGAAGGAACAAGACACTGACAGAGAATAGAAGTGTTGGGAACAAATGTCTCCCAAACTGTTTAAATAAATCATGGAATATCCGTAGAACAGAATAATA	ACTAAAACCTCCACCTCCCGAGTTCAAGCAATTCTCCTGCCTCAGCCTCCTGAGGAGCTGGGATTACAGGCCCGTGCCACCACACCCGGCTCATTTTTATATTTTTAATAGAGACAGGGT
T Cell Receptor Alpha/Delta	TRA-D	GRCh38	chr14	21170441	23499880	CCTACCCCACACACTTATCACCCAGCAGGGAACCCTCAGGTTGGGCCCACAGCCCCCATT	TATGAAGGGGATTTGTCCCAAGACCCCTGCATATACCAAAATCTATGCACACTCAAGTCCCAAAGTTGGCCCTGCAGAACCTGCATATATGAAAAGTTGGCCAGATATGGTGGCTCACGC
T Cell Receptor Alpha/Delta	TRA-D	GRCh37	14	21638600	23030671	CCTACCCCACACACTTATCACCCAGCAGGGAACCCTCAGGTTGGGCCCACAGCCCCCATT	TATGAAGGGGATTTGTCCCAAGACCCCTGCATATACCAAAATCTATGCACACTCAAGTCCCAAAGTTGGCCCTGCAGAACCTGCATATATGAAAAGTTGGCCAGATATGGTGGCTCACGC
INS	INS	GRCh38	chr11	2013000	2313000	TGGTTGGTGTTCCCTTCACCTGTGCCTGCCTGGCCTTCTCCTGGCCCCACGGTGAGGCTTCTGGGAGCACGAACTGCTAAGGGCTGCACTGTGTCTCTGCCCAGGCACGGAAGTCCTGAC	GCCCTGTGCCAGGAGACCAGCGACTCCTGGAGCAGTCACAGAAGCCTTCCTGTAGGAGGCGAGATTCCAGTTTGTCTTTGAAGGAGTAACTTGGCAGGGGAGAGCATCTTGCTTAGGAGGG
INS	INS	GRCh37	11	2034230	2334230	TGGTTGGTGTTCCCTTCACCTGTGCCTGCCTGGCCTTCTCCTGGCCCCACGGTGAGGCTTCTGGGAGCACGAACTGCTAAGGGCTGCACTGTGTCTCTGCCCAGGCACGGAAGTCCTGAC	GCCCTGTGCCAGGAGACCAGCGACTCCTGGAGCAGTCACAGAAGCCTTCCTGTAGGAGGCGAGATTCCAGTTTGTCTTTGAAGGAGTAACTTGGCAGGGGAGAGCATCTTGCTTAGGAGGG
